<?xml version="1.0" encoding="UTF-8"?>
<project-private xmlns="http://www.netbeans.org/ns/project-private/1">
    <editor-bookmarks xmlns="http://www.netbeans.org/ns/editor-bookmarks/2" lastBookmarkId="0"/>
    <open-files xmlns="http://www.netbeans.org/ns/projectui-open-files/2">
        <group>
            <file>file:/home/iain/Projects/370Project/MovieScheduler/src/ui/EditSceneFilmingDate.java</file>
            <file>file:/home/iain/Projects/370Project/MovieScheduler/src/ui/CalendarMonth.java</file>
            <file>file:/home/iain/Projects/370Project/MovieScheduler/src/businessobjects/BaseBusinessObject.java</file>
            <file>file:/home/iain/Projects/370Project/MovieScheduler/src/ui/CalendarDay.java</file>
        </group>
    </open-files>
</project-private>
